,param,power
0,1,1.0
1,2,0.9480000000000001
2,3,0.41400000000000003
3,4,0.134
4,5,0.094
5,6,0.066
6,7,0.044
